Workbook

Sheet SPY
A1: Ticker | B1: Date | C1: Open | D1: High | E1: Low | F1: Close | G1: Volume
A2: SPY | B2: 36528 | C2: 148.25 | D2: 148.25 | E2: 143.875 | F2: 145.4375 | G2: 8164300
A3: SPY | B3: 36529 | C3: 143.5313 | D3: 144.0625 | E3: 139.6406 | F3: 139.75 | G3: 8089800
A4: SPY | B4: 36530 | C4: 139.9375 | D4: 141.5313 | E4: 137.25 | F4: 140 | G4: 12177900
A5: SPY | B5: 36531 | C5: 139.625 | D5: 141.5 | E5: 137.75 | F5: 137.75 | G5: 6227200
A6: SPY | B6: 36532 | C6: 140.3125 | D6: 145.75 | E6: 140.0625 | F6: 145.75 | G6: 8066500
A7: SPY | B7: 36535 | C7: 146.25 | D7: 146.9063 | E7: 145.0313 | F7: 146.25 | G7: 5741700
A8: SPY | B8: 36536 | C8: 145.8125 | D8: 146.0938 | E8: 143.5 | F8: 144.5 | G8: 7503700
A9: SPY | B9: 36537 | C9: 144.5938 | D9: 144.5938 | E9: 142.875 | F9: 143.0625 | G9: 6907700
A10: SPY | B10: 36538 | C10: 144.4688 | D10: 145.75 | E10: 143.2813 | F10: 145 | G10: 5158300
A11: SPY | B11: 36539 | C11: 146.5313 | D11: 147.4688 | E11: 145.9688 | F11: 146.9688 | G11: 7437300
A12: SPY | B12: 36543 | C12: 145.3438 | D12: 146.625 | E12: 145.1875 | F12: 145.8125 | G12: 6488500
A13: SPY | B13: 36544 | C13: 145.3125 | D13: 147 | E13: 145 | F13: 147 | G13: 6157900
... A6540: SPY | B6540: 46022 | C6540: 687.14 | D6540: 687.36 | E6540: 681.71 | F6540: 681.92 | G6540: 74144801

Sheet QQQ
A1: Ticker | B1: Date | C1: Open | D1: High | E1: Low | F1: Close | G1: Volume
A2: QQQ | B2: 36528 | C2: 96.19 | D2: 96.19 | E2: 90 | F2: 94.75 | G2: 36431200
A3: QQQ | B3: 36529 | C3: 92 | D3: 93.5 | E3: 87.94 | F3: 88.25 | G3: 33787000
A4: QQQ | B4: 36530 | C4: 87.5 | D4: 90.03 | E4: 84.25 | F4: 86 | G4: 42498600
A5: QQQ | B5: 36531 | C5: 86.88 | D5: 88 | E5: 79.75 | F5: 80.09 | G5: 37135000
A6: QQQ | B6: 36532 | C6: 82.94 | D6: 90 | E6: 82.5 | F6: 90 | G6: 28138200
A7: QQQ | B7: 36535 | C7: 91 | D7: 93.94 | E7: 89.94 | F7: 92.5 | G7: 29675600
A8: QQQ | B8: 36536 | C8: 91.75 | D8: 92.88 | E8: 87 | F8: 88 | G8: 32546600
A9: QQQ | B9: 36537 | C9: 89 | D9: 89.24 | E9: 86 | F9: 86.06 | G9: 29050000
A10: QQQ | B10: 36538 | C10: 88.5 | D10: 91.5 | E10: 87.08 | F10: 91.25 | G10: 25165200
A11: QQQ | B11: 36539 | C11: 93 | D11: 93.63 | E11: 92 | F11: 93.38 | G11: 21898600
A12: QQQ | B12: 36543 | C12: 92.06 | D12: 94.44 | E12: 91.44 | F12: 93.88 | G12: 16752400
A13: QQQ | B13: 36544 | C13: 93.49 | D13: 96 | E13: 92.43 | F13: 96 | G13: 19006000
... A6540: QQQ | B6540: 46022 | C6540: 619.65 | D6540: 619.96 | E6540: 614.05 | F6540: 614.31 | G6540: 40746527

Sheet TLT
A1: Ticker | B1: Date | C1: Open | D1: High | E1: Low | F1: Close | G1: Volume
A2: TLT | B2: 37463 | C2: 82.67 | D2: 82.8 | E2: 82.42 | F2: 82.51 | G2: 316300
A3: TLT | B3: 37466 | C3: 82.06 | D3: 82.16 | E3: 81.32 | F3: 81.42 | G3: 8400
A4: TLT | B4: 37467 | C4: 81.75 | D4: 81.9 | E4: 81.52 | F4: 81.52 | G4: 6100
A5: TLT | B5: 37468 | C5: 81.95 | D5: 82.8 | E5: 81.9 | F5: 82.53 | G5: 29400
A6: TLT | B6: 37469 | C6: 82.54 | D6: 83.02 | E6: 82.54 | F6: 83 | G6: 25000
A7: TLT | B7: 37470 | C7: 83.16 | D7: 84.1 | E7: 82.88 | F7: 83.85 | G7: 52800
A8: TLT | B8: 37473 | C8: 84.04 | D8: 84.44 | E8: 83.85 | F8: 84.22 | G8: 61100
A9: TLT | B9: 37474 | C9: 83.8 | D9: 83.9 | E9: 83.22 | F9: 83.5 | G9: 64900
A10: TLT | B10: 37475 | C10: 83.6 | D10: 84.14 | E10: 83.36 | F10: 83.7 | G10: 40300
A11: TLT | B11: 37476 | C11: 83.58 | D11: 83.77 | E11: 83.36 | F11: 83.7 | G11: 40900
A12: TLT | B12: 37477 | C12: 84 | D12: 84.88 | E12: 84 | F12: 84.88 | G12: 35900
A13: TLT | B13: 37480 | C13: 85.3 | D13: 86.7 | E13: 85.14 | F13: 85.4 | G13: 32100
... A5898: TLT | B5898: 46022 | C5898: 87.68 | D5898: 87.91 | E5898: 87.13 | F5898: 87.16 | G5898: 36500036

Sheet Macro_Daily
A1: Date | B1: Vix Index | D1: Date | E1: 10 Yr | G1: Date | H1: 2 Yr
A2: 36528 | B2: 24.21 | D2: 36528 | E2: 6.592 | G2: 36528 | H2: 6.384
A3: 36529 | B3: 27.01 | D3: 36529 | E3: 6.497 | G3: 36529 | H3: 6.299
A4: 36530 | B4: 26.41 | D4: 36530 | E4: 6.594 | G4: 36530 | H4: 6.358
A5: 36531 | B5: 25.73 | D5: 36531 | E5: 6.524 | G5: 36531 | H5: 6.299
A6: 36532 | B6: 21.72 | D6: 36532 | E6: 6.515 | G6: 36532 | H6: 6.308
A7: 36535 | B7: 21.71 | D7: 36535 | E7: 6.552 | G7: 36535 | H7: 6.359
A8: 36536 | B8: 22.5 | D8: 36536 | E8: 6.657 | G8: 36536 | H8: 6.428
A9: 36537 | B9: 22.84 | D9: 36537 | E9: 6.703 | G9: 36537 | H9: 6.472
A10: 36538 | B10: 21.71 | D10: 36538 | E10: 6.63 | G10: 36538 | H10: 6.394
A11: 36539 | B11: 19.66 | D11: 36539 | E11: 6.679 | G11: 36539 | H11: 6.43
A12: 36543 | B12: 21.5 | D12: 36542 | E12: 6.681 | G12: 36542 | H12: 6.43
A13: 36544 | B13: 21.72 | D13: 36543 | E13: 6.748 | G13: 36543 | H13: 6.465
... A6567: 46022 | B6567: 14.95 | D6567: 45723 | E6567: 4.3011 | G6567: 45723 | H6567: 3.9997
D6568: 45726 | E6568: 4.2131 | G6568: 45726 | H6568: 3.8833
D6569: 45727 | E6569: 4.2799 | G6569: 45727 | H6569: 3.9431
D6570: 45728 | E6570: 4.3124 | G6570: 45728 | H6570: 3.9866
D6571: 45729 | E6571: 4.2682 | G6571: 45729 | H6571: 3.9571
D6572: 45730 | E6572: 4.3121 | G6572: 45730 | H6572: 4.017
D6573: 45733 | E6573: 4.2985 | G6573: 45733 | H6573: 4.0441
D6574: 45734 | E6574: 4.2831 | G6574: 45734 | H6574: 4.0398
D6575: 45735 | E6575: 4.2428 | G6575: 45735 | H6575: 3.9723
D6576: 45736 | E6576: 4.2369 | G6576: 45736 | H6576: 3.9636
D6577: 45737 | E6577: 4.2462 | G6577: 45737 | H6577: 3.9481
D6578: 45740 | E6578: 4.3346 | G6578: 45740 | H6578: 4.0346
D6579: 45741 | E6579: 4.3133 | G6579: 45741 | H6579: 4.0132
... D6779: 46022 | E6779: 4.167 | G6779: 46022 | H6779: 3.473

Sheet Date Vix
A1: Date | B1: Vix Index
A2: 36528 | B2: 24.21
A3: 36529 | B3: 27.01
A4: 36530 | B4: 26.41
A5: 36531 | B5: 25.73
A6: 36532 | B6: 21.72
A7: 36535 | B7: 21.71
A8: 36536 | B8: 22.5
A9: 36537 | B9: 22.84
A10: 36538 | B10: 21.71
A11: 36539 | B11: 19.66
A12: 36543 | B12: 21.5
A13: 36544 | B13: 21.72
... A6567: 46022 | B6567: 14.95

Sheet 工作表4
A1: Date | B1: Vix Index | C1: 10 Yr | D1: 2 Yr
A2: {=_xlfn._xlws.SORT(_xlfn.UNIQUE(_xlfn.VSTACK('Date Vix'!A2:A10000,'Date 2 yr'!A2:A10000,'Date 10yr'!A2:A10000)))} -> 36528 | B2: =_xlfn.XLOOKUP(A2, 'Date Vix'!A:A, 'Date Vix'!B:B, "") -> 24.21 | C2: =_xlfn.XLOOKUP(A2, 'Date 10yr'!A:A, 'Date 10yr'!B:B, "") -> 6.592 | D2: =_xlfn.XLOOKUP(A2, 'Date 2 yr'!A:A, 'Date 2 yr'!B:B, "") -> 6.384
A3: 36529 | B3: =_xlfn.XLOOKUP(A3, 'Date Vix'!A:A, 'Date Vix'!B:B, "") -> 27.01 | C3: =_xlfn.XLOOKUP(A3, 'Date 10yr'!A:A, 'Date 10yr'!B:B, "") -> 6.497 | D3: =_xlfn.XLOOKUP(A3, 'Date 2 yr'!A:A, 'Date 2 yr'!B:B, "") -> 6.299
A4: 36530 | B4: =_xlfn.XLOOKUP(A4, 'Date Vix'!A:A, 'Date Vix'!B:B, "") -> 26.41 | C4: =_xlfn.XLOOKUP(A4, 'Date 10yr'!A:A, 'Date 10yr'!B:B, "") -> 6.594 | D4: =_xlfn.XLOOKUP(A4, 'Date 2 yr'!A:A, 'Date 2 yr'!B:B, "") -> 6.358
A5: 36531 | B5: =_xlfn.XLOOKUP(A5, 'Date Vix'!A:A, 'Date Vix'!B:B, "") -> 25.73 | C5: =_xlfn.XLOOKUP(A5, 'Date 10yr'!A:A, 'Date 10yr'!B:B, "") -> 6.524 | D5: =_xlfn.XLOOKUP(A5, 'Date 2 yr'!A:A, 'Date 2 yr'!B:B, "") -> 6.299
A6: 36532 | B6: =_xlfn.XLOOKUP(A6, 'Date Vix'!A:A, 'Date Vix'!B:B, "") -> 21.72 | C6: =_xlfn.XLOOKUP(A6, 'Date 10yr'!A:A, 'Date 10yr'!B:B, "") -> 6.515 | D6: =_xlfn.XLOOKUP(A6, 'Date 2 yr'!A:A, 'Date 2 yr'!B:B, "") -> 6.308
A7: 36535 | B7: =_xlfn.XLOOKUP(A7, 'Date Vix'!A:A, 'Date Vix'!B:B, "") -> 21.71 | C7: =_xlfn.XLOOKUP(A7, 'Date 10yr'!A:A, 'Date 10yr'!B:B, "") -> 6.552 | D7: =_xlfn.XLOOKUP(A7, 'Date 2 yr'!A:A, 'Date 2 yr'!B:B, "") -> 6.359
A8: 36536 | B8: =_xlfn.XLOOKUP(A8, 'Date Vix'!A:A, 'Date Vix'!B:B, "") -> 22.5 | C8: =_xlfn.XLOOKUP(A8, 'Date 10yr'!A:A, 'Date 10yr'!B:B, "") -> 6.657 | D8: =_xlfn.XLOOKUP(A8, 'Date 2 yr'!A:A, 'Date 2 yr'!B:B, "") -> 6.428
A9: 36537 | B9: =_xlfn.XLOOKUP(A9, 'Date Vix'!A:A, 'Date Vix'!B:B, "") -> 22.84 | C9: =_xlfn.XLOOKUP(A9, 'Date 10yr'!A:A, 'Date 10yr'!B:B, "") -> 6.703 | D9: =_xlfn.XLOOKUP(A9, 'Date 2 yr'!A:A, 'Date 2 yr'!B:B, "") -> 6.472
A10: 36538 | B10: =_xlfn.XLOOKUP(A10, 'Date Vix'!A:A, 'Date Vix'!B:B, "") -> 21.71 | C10: =_xlfn.XLOOKUP(A10, 'Date 10yr'!A:A, 'Date 10yr'!B:B, "") -> 6.63 | D10: =_xlfn.XLOOKUP(A10, 'Date 2 yr'!A:A, 'Date 2 yr'!B:B, "") -> 6.394
A11: 36539 | B11: =_xlfn.XLOOKUP(A11, 'Date Vix'!A:A, 'Date Vix'!B:B, "") -> 19.66 | C11: =_xlfn.XLOOKUP(A11, 'Date 10yr'!A:A, 'Date 10yr'!B:B, "") -> 6.679 | D11: =_xlfn.XLOOKUP(A11, 'Date 2 yr'!A:A, 'Date 2 yr'!B:B, "") -> 6.43
A12: 36542 | B12: =_xlfn.XLOOKUP(A12, 'Date Vix'!A:A, 'Date Vix'!B:B, "") | C12: =_xlfn.XLOOKUP(A12, 'Date 10yr'!A:A, 'Date 10yr'!B:B, "") -> 6.681 | D12: =_xlfn.XLOOKUP(A12, 'Date 2 yr'!A:A, 'Date 2 yr'!B:B, "") -> 6.43
A13: 36543 | B13: =_xlfn.XLOOKUP(A13, 'Date Vix'!A:A, 'Date Vix'!B:B, "") -> 21.5 | C13: =_xlfn.XLOOKUP(A13, 'Date 10yr'!A:A, 'Date 10yr'!B:B, "") -> 6.748 | D13: =_xlfn.XLOOKUP(A13, 'Date 2 yr'!A:A, 'Date 2 yr'!B:B, "") -> 6.465
A14: 36544 | B14: =_xlfn.XLOOKUP(A14, 'Date Vix'!A:A, 'Date Vix'!B:B, "") -> 21.72 | C14: =_xlfn.XLOOKUP(A14, 'Date 10yr'!A:A, 'Date 10yr'!B:B, "") -> 6.732 | D14: =_xlfn.XLOOKUP(A14, 'Date 2 yr'!A:A, 'Date 2 yr'!B:B, "") -> 6.448
... A6782: 0 | B6782: =_xlfn.XLOOKUP(A6782, 'Date Vix'!A:A, 'Date Vix'!B:B, "") | C6782: =_xlfn.XLOOKUP(A6782, 'Date 10yr'!A:A, 'Date 10yr'!B:B, "") | D6782: =_xlfn.XLOOKUP(A6782, 'Date 2 yr'!A:A, 'Date 2 yr'!B:B, "")

Sheet Date 2 yr
A1: Date | B1: 2 Yr
A2: 36528 | B2: 6.384
A3: 36529 | B3: 6.299
A4: 36530 | B4: 6.358
A5: 36531 | B5: 6.299
A6: 36532 | B6: 6.308
A7: 36535 | B7: 6.359
A8: 36536 | B8: 6.428
A9: 36537 | B9: 6.472
A10: 36538 | B10: 6.394
A11: 36539 | B11: 6.43
A12: 36542 | B12: 6.43
A13: 36543 | B13: 6.465
... A6779: 46022 | B6779: 3.473

Sheet Date 10yr
A1: Date | B1: 10 Yr
A2: 36528 | B2: 6.592
A3: 36529 | B3: 6.497
A4: 36530 | B4: 6.594
A5: 36531 | B5: 6.524
A6: 36532 | B6: 6.515
A7: 36535 | B7: 6.552
A8: 36536 | B8: 6.657
A9: 36537 | B9: 6.703
A10: 36538 | B10: 6.63
A11: 36539 | B11: 6.679
A12: 36542 | B12: 6.681
A13: 36543 | B13: 6.748
... A6779: 46022 | B6779: 4.167

Sheet Macro_Monthly
A1: Date | B1: CPI YoY Level
A2: 36556 | B2: 2.7
A3: 36585 | B3: 3.2
A4: 36616 | B4: 3.8
A5: 36646 | B5: 3.1
A6: 36677 | B6: 3.2
A7: 36707 | B7: 3.7
A8: 36738 | B8: 3.7
A9: 36769 | B9: 3.4
A10: 36799 | B10: 3.5
A11: 36830 | B11: 3.4
A12: 36860 | B12: 3.4
A13: 36891 | B13: 3.4
... A312: 46022 | B312: 2.7
